Method,Nx,Ny,Execution Time (s),inertia,mmd
greedy,1024,128,0.18807435035705566,1028.1806670214105,2.5316890621018828e-05
sharp disc.,1024,128,1.7371034622192383,940.1027681171406,5.36674635043255e-06
kmeans,1024,128,0.49050092697143555,408.93552888977194,0.0007832229673651048
bal. random,1024,128,0.045140981674194336,1096.5876560721308,0.0045556553984001935
