Method,Nx,Ny,Execution Time (s),inertia,mmd
greedy,1024,128,0.07313895225524902,1028.1806670214105,2.5316890621018828e-05
sharp disc.,1024,128,1.2303361892700195,1068.3783305200966,4.8558013198141126e-06
kmeans,1024,128,0.3123605251312256,408.9355288897725,0.0007832229673651048
bal. random,1024,128,0.03839278221130371,919.7708925626587,0.0012515921986379075
